COD MACROMOTIVO;MACROMOTIVO;MOTIVO GENERAL;"MOTIVO
 ESPECÍFICO 
COPIAR Y PEGAR EN PQRD";TIPO DE MOTIVO ESPECÍFICO;SUBTIPO DE MOTIVO ESPECÍFICO;Clasificación Riesgo
"01

";"BARRERAS EN EL ACCESO A TECNOLOGÍAS Y SERVICIOS DE SALUD; Y OTROS ELEMENTOS COMPLEMENTARIOS PARA LA ATENCIÓN DEL USUARIO";FALTA DE OPORTUNIDAD EN LA PRESTACIÓN DE TECNOLOGÍAS EN SALUD Y OTROS ELEMENTOS COMPLEMENTARIOS PARA LA ATENCIÓN DEL USUARIO;FALTA DE OPORTUNIDAD EN LAS CITAS O CONSULTAS;"MEDICINA GENERAL
ODONTOLOGÍA GENERAL
ESPECIALIDADES MÉDICAS
ESPECIALIDADES ODONTOLOGÍA
PSICOLOGÍA
NUTRICIÓN
ENFERMERÍA
FISIOTERAPIA
FONOAUDIOLOGÍA
VACUNACIÓN
SEGURIDAD Y SALUD EN EL TRABAJO
OPTOMETRÍA
JUNTA MÉDICA
BIOÉTICA";"LISTADO ESPECIALIDADES MÉDICAS:
ALERGOLOGÍA
ANESTESIOLOGÍA
ANESTESIOLOGÍA CARDIOTORÁXICA
ANESTESIOLOGÍA CARDIOVASCULAR
ARTROCOSPIA - ORTOPEDIA
CARDIOLOGÍA
CARDIOLOGÍA INTERVENCIONISTA Y HEMODINAMIA
CARDIOLOGÍA PEDIÁTRICA
CIRUGÍA CABEZA Y CUELLO - OTORRINOLARINGOLOGÍA
CIRUGÍA CARDIOVASCULAR
CIRUGÍA CRANEOFACIAL
CIRUGÍA DE CADERA
CIRUGÍA DE MAMA Y TEJIDOS BLANDOS - MASTOLOGÍA
CIRUGÍA DE MANO - ORTOPEDIA O CIRUGÍA PLASTICA
CIRUGÍA DE PIE Y TOBILLO - ORTOPEDIA
CIRUGÍA DE RODILLA - ORTOPEDIA
CIRUGÍA DE TÓRAX
CIRUGÍA DE TRASPLANTE
CIRUGÍA ENDOSCÓPICA GINECOLÓGICA
CIRUGÍA GASTROINTESTINAL
CIRUGÍA GASTROINTESTINAL Y ENDOSCOPIA DIGESTIVA
CIRUGÍA GENERAL
CIRUGÍA LAPAROSCÓPICA
CIRUGÍA MAXILOFACIAL
CIRUGÍA ONCOLÓGICA
CIRUGÍA PEDIÁTRICA
CIRUGÍA PLÁSTICA ONCOLÓGICA
CIRUGIA PLÁSTICA, ESTETICA Y RECONSTRUCTIVA
CIRUGÍA VASCULAR
CIUDADO INTENSIVO PEDIÁTRICO
COLOPROCTOLOGÍA
CUIDADO INTENSIVO
DERMATOLOGÍA
DERMATOLOGÍA ONCOLÓGICA
DOLOR Y CUIDADOS PALIATIVOS
ECOCARDIOGRAFÍA
ELECTROFISIOLOGÍA CARDÍACA
EMERGENCIOLOGÍA
ENDOCRINOLOGÍA
ENDOCRINOLOGÍA PEDIÁTRICA
FARMACOLOGÍA CLÍNICA
GASTROENTEROLOGÍA
GASTROENTEROLOGÍA PEDIÁTRICA
GENÉTICA MÉDICA
GERIATRÍA
GINECOLOGÍA ONCOLÓGICA
GINECOLOGÍA Y OBSTETRICIA
HEMATOLOGÍA
HEMATOLOGÍA PEDIÁTRICA
HEMATO-ONCOLOGÍA - ONCOHEMATOLOGÍA
HEMATO-ONCOLOGIA PEDIÁTRICA - ONCOHEMATOLOGÍA PEDIÁTRICA
HEMODINAMIA
HEPATOLOGÍA
INFECTOLOGÍA
MEDICINA AEROESPACIAL
MEDICINA ALETERNATIVA
MEDICINA DEL DEPORTE
MEDICINA DEL TRABAJO O SEGURIDAD Y SALUD EN EL TRABAJO
MEDICINA ESTÉTICA
MEDICINA FAMILIAR
MEDICINA FÍSICA Y REHABILITACIÓN - FISIATRÍA
MEDICINA FORENSE
MEDICINA INTERNA
MEDICINA NUCLEAR
MIEMBRO SUPERIOR - ORTOPEDIA
NEFROLOGÍA
NEFROLOGÍA PEDIATRICA
NEONATOLOGÍA
NEUMOLOGÍA
NEUMOLOGÍA PEDIÁTRICA
NEUROCIRUGÍA
NEUROLOGÍA
NEUROLOGÍA PEDIÁTRICA - NEUROPEDIATRIA
OCULOPLASTIA
OFTALMOLOGÍA
ONCOLOGÍA
ONCOLOGÍA PEDIÁTRICA
ORTOPEDIA Y TRAUMATOLOGÍA
ORTOPEDIA Y TRAUMATOLOGIA PEDIÁTRICA
OTORRINOLARINGOLOGÍA
PATOLOGÍA
PEDIATRÍA
PSIQUIATRÍA
PSIQUIATRÍA PEDIÁTRICA
PSQUIATRÍA DE ENLACE
RADIOLOGÍA E IMÁGENES DIAGNÓSTICAS
RADIOTERAPIA
REUMATOLOGÍA
REUMATOLOGÍA PEDIÁTRICA
SALUD FAMILIAR Y COMUNITARIA
SEXOLOGÍA CLÍNICA
TOXICOLOGÍA CLÍNICA
TRASPLANTES
UROLOGÍA

LISTADO ESPECIALIDADES ODONTOLÓGICAS:
CIRUGÍA MAXILOFACIAL
CIRUGÍA MAXILOFACIAL - CIRUGÍA ORAL
ENDODONCIA
ESTOMATOLOGÍA
ESTOMATOLOGÍA PEDIÁTRICA
ESTOMATOLOGIA Y CIRUGÍA ORAL
IMPLANTOLOGÍA
ODONTOLOGÍA DE ADOLESCENTE
ODONTOLOGÍA FORENSE
ODONTOPEDIATRÍA
OPERATORIA Y ESTÉTICA DENTAL
ORTODONCIA
PATOLOGÍA ORAL
PERIODONCIA
PROSTODONCIA
RADIOLOGÍA ORAL Y MAXILOFACIAL
REHABILITACIÓN ORAL";Puede ser vital, priorizado o simple
"01

";"BARRERAS EN EL ACCESO A TECNOLOGÍAS Y SERVICIOS DE SALUD; Y OTROS ELEMENTOS COMPLEMENTARIOS PARA LA ATENCIÓN DEL USUARIO";FALTA DE OPORTUNIDAD EN LA PRESTACIÓN DE TECNOLOGÍAS EN SALUD Y OTROS ELEMENTOS COMPLEMENTARIOS PARA LA ATENCIÓN DEL USUARIO;FALTA DE OPORTUNIDAD PARA SERVICIOS DE COMPLEMENTACIÓN TERAPÉUTICA;"TERAPIA FÍSICA
TERAPIA RESPIRATORIA
TERAPIA OCUPACIONAL
TERAPIA INTEGRAL
PSICOTERAPIA
TERAPIA LENGUAJE
TRABAJO SOCIAL
TERAPIA ALTERNATIVA
OTRAS TERAPIAS";;Puede ser vital, priorizado o simple
"01

";"BARRERAS EN EL ACCESO A TECNOLOGÍAS Y SERVICIOS DE SALUD; Y OTROS ELEMENTOS COMPLEMENTARIOS PARA LA ATENCIÓN DEL USUARIO";FALTA DE OPORTUNIDAD EN LA PRESTACIÓN DE TECNOLOGÍAS EN SALUD Y OTROS ELEMENTOS COMPLEMENTARIOS PARA LA ATENCIÓN DEL USUARIO;FALTA DE OPORTUNIDAD EN LA ATENCIÓN EN OTROS SERVICIOS DE SALUD;"URGENCIAS
HOSPITALIZACIÓN
*UNIDAD DE CUIDADO INTENSIVO
*UNIDAD DE CUIDADO INTERMEDIO
ATENCIÓN DOMICILIARIA
UNIDAD DE CUIDADO CRÓNICO
EUTANASIA - SUICIDIO ASISTIDO
PROCEDIMIENTOS NO QUIRÚRGICOS
PROCEDIMIENTOS QUIRÚRGICOS";"PROCEDIMIENTOS NO QUIRÚRGICOS:
IMAGENOLOGÍA
LABORATORIO CLÍNICO Y ANATOMOPATOLÓGICO
QUIMIOTERAPIA
RADIOTERAPIA
DIÁLISIS 
OTROS PROCEDIMIENTOS NO QUIRÚRGICOS

PROCEDIMIENTOS QUIRÚRGICOS:
TRASPLANTE
INTERRUPCIÓN VOLUNTARIA DEL EMBARAZO IVE
OTROS PROCEDIMIENTOS QUIRÚRGICOS";Puede ser vital, priorizado o simple
"01

";"BARRERAS EN EL ACCESO A TECNOLOGÍAS Y SERVICIOS DE SALUD; Y OTROS ELEMENTOS COMPLEMENTARIOS PARA LA ATENCIÓN DEL USUARIO";FALTA DE OPORTUNIDAD EN LA PRESTACIÓN DE TECNOLOGÍAS EN SALUD Y OTROS ELEMENTOS COMPLEMENTARIOS PARA LA ATENCIÓN DEL USUARIO;FALTA DE OPORTUNIDAD EN LA ENTREGA O ENTREGA INCOMPLETA DE TECNOLOGÍAS EN SALUD Y/O PRESTACIÓN DE OTROS SERVICIOS;"MEDICAMENTOS UPC
MEDICAMENTOS NO UPC
DISPOSITIVOS MÉDICOS UPC
DISPOSITIVOS MÉDICOS NO UPC
SUMINISTRO DE OXÍGENO
SOPORTE NUTRICIONAL
ELEMENTOS COMPLEMENTARIOS PARA LA ATENCIÓN DEL USUARIO (PAÑALES, PAÑITOS, ETC.)
TRANSPORTE, ALOJAMIENTO Y ALIMENTACIÓN.";;Puede ser vital, priorizado o simple
"01

";"BARRERAS EN EL ACCESO A TECNOLOGÍAS Y SERVICIOS DE SALUD; Y OTROS ELEMENTOS COMPLEMENTARIOS PARA LA ATENCIÓN DEL USUARIO";FALTA DE OPORTUNIDAD EN LA PRESTACIÓN DE TECNOLOGÍAS EN SALUD Y OTROS ELEMENTOS COMPLEMENTARIOS PARA LA ATENCIÓN DEL USUARIO;FALTA DE OPORTUNIDAD EN EL PROCESO DE REFERENCIA Y CONTRARREFERENCIA;;;Puede ser vital, priorizado o simple
"01

";"BARRERAS EN EL ACCESO A TECNOLOGÍAS Y SERVICIOS DE SALUD; Y OTROS ELEMENTOS COMPLEMENTARIOS PARA LA ATENCIÓN DEL USUARIO";FALTA DE OPORTUNIDAD EN LA PRESTACIÓN DE TECNOLOGÍAS EN SALUD Y OTROS ELEMENTOS COMPLEMENTARIOS PARA LA ATENCIÓN DEL USUARIO;FALTA DE OPORTUNIDAD EN EL TRASLADO EN AMBULANCIA;"*BÁSICA HOSPITALARIA
BÁSICA AMBULATORIA
*MEDICALIZADA HOSPITALARIA
MEDICALIZADA AMBULATORIA";;Puede ser vital, priorizado o simple
"01

";"BARRERAS EN EL ACCESO A TECNOLOGÍAS Y SERVICIOS DE SALUD; Y OTROS ELEMENTOS COMPLEMENTARIOS PARA LA ATENCIÓN DEL USUARIO";FALTA DE OPORTUNIDAD EN LA PRESTACIÓN DE TECNOLOGÍAS EN SALUD Y OTROS ELEMENTOS COMPLEMENTARIOS PARA LA ATENCIÓN DEL USUARIO;FALTA DE OPORTUNIDAD EN LA RESPUESTA DE LA JUNTA MÉDICA O COMITÉ PARA TECNOLOGÍAS EN SALUD Y OTROS SERVICIOS;;;Puede ser vital, priorizado o simple
"01

";"BARRERAS EN EL ACCESO A TECNOLOGÍAS Y SERVICIOS DE SALUD; Y OTROS ELEMENTOS COMPLEMENTARIOS PARA LA ATENCIÓN DEL USUARIO";NEGACIÓN DE TECNOLOGÍAS EN SALUD Y OTROS ELEMENTOS COMPLEMENTARIOS PARA LA ATENCIÓN DEL USUARIO;NEGACIÓN EN LA ASIGNACIÓN DE CITAS O CONSULTAS;"MEDICINA GENERAL
ODONTOLOGÍA GENERAL
ESPECIALIDADES MÉDICAS
ESPECIALIDADES ODONTOLOGÍA
PSICOLOGÍA
NUTRICIÓN
ENFERMERÍA
FISIOTERAPIA
FONOAUDIOLOGÍA
VACUNACIÓN
SEGURIDAD Y SALUD EN EL TRABAJO
OPTOMETRÍA
JUNTA MÉDICA
BIOÉTICA";"LISTADO ESPECIALIDADES MÉDICAS:
ALERGOLOGÍA
ANESTESIOLOGÍA
ANESTESIOLOGÍA CARDIOTORÁXICA
ANESTESIOLOGÍA CARDIOVASCULAR
ARTROCOSPIA - ORTOPEDIA
CARDIOLOGÍA
CARDIOLOGÍA INTERVENCIONISTA Y HEMODINAMIA
CARDIOLOGÍA PEDIÁTRICA
CIRUGÍA CABEZA Y CUELLO - OTORRINOLARINGOLOGÍA
CIRUGÍA CARDIOVASCULAR
CIRUGÍA CRANEOFACIAL
CIRUGÍA DE CADERA
CIRUGÍA DE MAMA Y TEJIDOS BLANDOS - MASTOLOGÍA
CIRUGÍA DE MANO - ORTOPEDIA O CIRUGÍA PLASTICA
CIRUGÍA DE PIE Y TOBILLO - ORTOPEDIA
CIRUGÍA DE RODILLA - ORTOPEDIA
CIRUGÍA DE TÓRAX
CIRUGÍA DE TRASPLANTE
CIRUGÍA ENDOSCÓPICA GINECOLÓGICA
CIRUGÍA GASTROINTESTINAL
CIRUGÍA GASTROINTESTINAL Y ENDOSCOPIA DIGESTIVA
CIRUGÍA GENERAL
CIRUGÍA LAPAROSCÓPICA
CIRUGÍA MAXILOFACIAL
CIRUGÍA ONCOLÓGICA
CIRUGÍA PEDIÁTRICA
CIRUGÍA PLÁSTICA ONCOLÓGICA
CIRUGIA PLÁSTICA, ESTETICA Y RECONSTRUCTIVA
CIRUGÍA VASCULAR
CIUDADO INTENSIVO PEDIÁTRICO
COLOPROCTOLOGÍA
CUIDADO INTENSIVO
DERMATOLOGÍA
DERMATOLOGÍA ONCOLÓGICA
DOLOR Y CUIDADOS PALIATIVOS
ECOCARDIOGRAFÍA
ELECTROFISIOLOGÍA CARDÍACA
EMERGENCIOLOGÍA
ENDOCRINOLOGÍA
ENDOCRINOLOGÍA PEDIÁTRICA
FARMACOLOGÍA CLÍNICA
GASTROENTEROLOGÍA
GASTROENTEROLOGÍA PEDIÁTRICA
GENÉTICA MÉDICA
GERIATRÍA
GINECOLOGÍA ONCOLÓGICA
GINECOLOGÍA Y OBSTETRICIA
HEMATOLOGÍA
HEMATOLOGÍA PEDIÁTRICA
HEMATO-ONCOLOGÍA - ONCOHEMATOLOGÍA
HEMATO-ONCOLOGIA PEDIÁTRICA - ONCOHEMATOLOGÍA PEDIÁTRICA
HEMODINAMIA
HEPATOLOGÍA
INFECTOLOGÍA
MEDICINA AEROESPACIAL
MEDICINA ALETERNATIVA
MEDICINA DEL DEPORTE
MEDICINA DEL TRABAJO O SEGURIDAD Y SALUD EN EL TRABAJO
MEDICINA ESTÉTICA
MEDICINA FAMILIAR
MEDICINA FÍSICA Y REHABILITACIÓN - FISIATRÍA
MEDICINA FORENSE
MEDICINA INTERNA
MEDICINA NUCLEAR
MIEMBRO SUPERIOR - ORTOPEDIA
NEFROLOGÍA
NEFROLOGÍA PEDIATRICA
NEONATOLOGÍA
NEUMOLOGÍA
NEUMOLOGÍA PEDIÁTRICA
NEUROCIRUGÍA
NEUROLOGÍA
NEUROLOGÍA PEDIÁTRICA - NEUROPEDIATRIA
OCULOPLASTIA
OFTALMOLOGÍA
ONCOLOGÍA
ONCOLOGÍA PEDIÁTRICA
ORTOPEDIA Y TRAUMATOLOGÍA
ORTOPEDIA Y TRAUMATOLOGIA PEDIÁTRICA
OTORRINOLARINGOLOGÍA
PATOLOGÍA
PEDIATRÍA
PSIQUIATRÍA
PSIQUIATRÍA PEDIÁTRICA
PSQUIATRÍA DE ENLACE
RADIOLOGÍA E IMÁGENES DIAGNÓSTICAS
RADIOTERAPIA
REUMATOLOGÍA
REUMATOLOGÍA PEDIÁTRICA
SALUD FAMILIAR Y COMUNITARIA
SEXOLOGÍA CLÍNICA
TOXICOLOGÍA CLÍNICA
TRASPLANTES
UROLOGÍA

LISTADO ESPECIALIDADES ODONTOLÓGICAS:
CIRUGÍA MAXILOFACIAL
CIRUGÍA MAXILOFACIAL - CIRUGÍA ORAL
ENDODONCIA
ESTOMATOLOGÍA
ESTOMATOLOGÍA PEDIÁTRICA
ESTOMATOLOGIA Y CIRUGÍA ORAL
IMPLANTOLOGÍA
ODONTOLOGÍA DE ADOLESCENTE
ODONTOLOGÍA FORENSE
ODONTOPEDIATRÍA
OPERATORIA Y ESTÉTICA DENTAL
ORTODONCIA
PATOLOGÍA ORAL
PERIODONCIA
PROSTODONCIA
RADIOLOGÍA ORAL Y MAXILOFACIAL
REHABILITACIÓN ORAL";Puede ser vital, priorizado o simple
"01

";"BARRERAS EN EL ACCESO A TECNOLOGÍAS Y SERVICIOS DE SALUD; Y OTROS ELEMENTOS COMPLEMENTARIOS PARA LA ATENCIÓN DEL USUARIO";NEGACIÓN DE TECNOLOGÍAS EN SALUD Y OTROS ELEMENTOS COMPLEMENTARIOS PARA LA ATENCIÓN DEL USUARIO;NEGACIÓN DE SERVICIOS DE COMPLEMENTACIÓN TERAPÉUTICA;"TERAPIA FÍSICA
TERAPIA RESPIRATORIA
TERAPIA OCUPACIONAL
TERAPIA INTEGRAL
PSICOTERAPIA
TERAPIA LENGUAJE
TRABAJO SOCIAL
TERAPIA ALTERNATIVA
OTRAS TERAPIAS";;Puede ser vital, priorizado o simple
"01

";"BARRERAS EN EL ACCESO A TECNOLOGÍAS Y SERVICIOS DE SALUD; Y OTROS ELEMENTOS COMPLEMENTARIOS PARA LA ATENCIÓN DEL USUARIO";NEGACIÓN DE TECNOLOGÍAS EN SALUD Y OTROS ELEMENTOS COMPLEMENTARIOS PARA LA ATENCIÓN DEL USUARIO;NEGACIÓN EN LA ATENCIÓN EN OTROS SERVICIOS DE SALUD;"*URGENCIAS
HOSPITALIZACIÓN
*UNIDAD DE CUIDADO INTENSIVO
*UNIDAD DE CUIDADO INTERMEDIO
ATENCIÓN DOMICILIARIA
UNIDAD DE CUIDADO CRÓNICO
EUTANASIA - SUICIDIO ASISTIDO
PROCEDIMIENTOS NO QUIRÚRGICOS
PROCEDIMIENTOS QUIRÚRGICOS";"PROCEDIMIENTOS NO QUIRÚRGICOS:
IMAGENOLOGÍA
LABORATORIO CLÍNICO Y ANATOMOPATOLÓGICO
QUIMIOTERAPIA
RADIOTERAPIA
DIÁLISIS
OTROS PROCEDIMIENTOS NO QUIRÚRGICOS

PROCEDIMIENTOS QUIRÚRGICOS:
TRASPLANTE
INTERRUPCIÓN VOLUNTARIA DEL EMBARAZO IVE
OTROS PROCEDIMIENTOS QUIRÚRGICOS";"(marcación automatica urgencias Unidad de cuidado intensivo e intermedio)
Puede ser vital, priorizado o simple"
"01

";"BARRERAS EN EL ACCESO A TECNOLOGÍAS Y SERVICIOS DE SALUD; Y OTROS ELEMENTOS COMPLEMENTARIOS PARA LA ATENCIÓN DEL USUARIO";NEGACIÓN DE TECNOLOGÍAS EN SALUD Y OTROS ELEMENTOS COMPLEMENTARIOS PARA LA ATENCIÓN DEL USUARIO;NEGACIÓN PARA LA ENTREGA DE TECNOLOGÍAS EN SALUD Y/O DE OTROS SERVICIOS AUTORIZADOS;"MEDICAMENTOS UPC
MEDICAMENTOS NO UPC
DISPOSITIVOS MÉDICOS UPC
DISPOSITIVOS MÉDICOS NO UPC
SUMINISTRO DE OXÍGENO
SOPORTE NUTRICIONAL
ELEMENTOS COMPLEMENTARIOS PARA LA ATENCIÓN DEL USUARIO (PAÑALES, PAÑITOS, ETC.)
TRANSPORTE, ALOJAMIENTO Y ALIMENTACIÓN";;Puede ser vital, priorizado o simple
"01

";"BARRERAS EN EL ACCESO A TECNOLOGÍAS Y SERVICIOS DE SALUD; Y OTROS ELEMENTOS COMPLEMENTARIOS PARA LA ATENCIÓN DEL USUARIO";NEGACIÓN DE TECNOLOGÍAS EN SALUD Y OTROS ELEMENTOS COMPLEMENTARIOS PARA LA ATENCIÓN DEL USUARIO;*NEGACIÓN DE LA REFERENCIA Y CONTRARREFERENCIA;;;Marcación automatica vital
"01

";"BARRERAS EN EL ACCESO A TECNOLOGÍAS Y SERVICIOS DE SALUD; Y OTROS ELEMENTOS COMPLEMENTARIOS PARA LA ATENCIÓN DEL USUARIO";NEGACIÓN DE TECNOLOGÍAS EN SALUD Y OTROS ELEMENTOS COMPLEMENTARIOS PARA LA ATENCIÓN DEL USUARIO;NEGACIÓN DEL TRASLADO EN AMBULANCIA;"*BÁSICA HOSPITALARIA
BÁSICA AMBULATORIA
*MEDICALIZADA HOSPITALARIA
MEDICALIZADA AMBULATORIA";;Puede ser vital, priorizado o simple
"01

";"BARRERAS EN EL ACCESO A TECNOLOGÍAS Y SERVICIOS DE SALUD; Y OTROS ELEMENTOS COMPLEMENTARIOS PARA LA ATENCIÓN DEL USUARIO";NEGACIÓN DE TECNOLOGÍAS EN SALUD Y OTROS ELEMENTOS COMPLEMENTARIOS PARA LA ATENCIÓN DEL USUARIO;NEGACIÓN EN LA AUTORIZACIÓN DE TECNOLOGÍAS EN SALUD Y/O DE OTROS SERVICIOS;"MEDICAMENTOS UPC
MEDICAMENTOS NO UPC
DISPOSITIVOS MÉDICOS UPC
DISPOSITIVOS MÉDICOS NO UPC
SUMINISTRO DE OXÍGENO
SOPORTE NUTRICIONAL
ELEMENTOS COMPLEMENTARIOS PARA LA ATENCIÓN DEL USUARIO (PAÑALES, PAÑITOS, ETC.)
TRANSPORTE, ALOJAMIENTO Y ALIMENTACIÓN.";;Puede ser vital, priorizado o simple
"01

";"BARRERAS EN EL ACCESO A TECNOLOGÍAS Y SERVICIOS DE SALUD; Y OTROS ELEMENTOS COMPLEMENTARIOS PARA LA ATENCIÓN DEL USUARIO";FALTA DE OPORTUNIDAD EN LA AUTORIZACIÓN DE TECNOLOGÍAS EN SALUD Y OTROS ELEMENTOS COMPLEMENTARIOS PARA LA ATENCIÓN DEL USUARIO;FALTA DE OPORTUNIDAD EN LA AUTORIZACIÓN DE TECNOLOGÍAS EN SALUD Y/O DE OTROS SERVICIOS;"MEDICAMENTOS UPC
MEDICAMENTOS NO UPC
DISPOSITIVOS MÉDICOS UPC
DISPOSITIVOS MÉDICOS NO UPC
SUMINISTRO DE OXÍGENO
SOPORTE NUTRICIONAL
ELEMENTOS COMPLEMENTARIOS PARA LA ATENCIÓN DEL USUARIO (PAÑALES, PAÑITOS, ETC.)
TRANSPORTE, ALOJAMIENTO Y ALIMENTACIÓN.";;Puede ser vital, priorizado o simple
"01

";"BARRERAS EN EL ACCESO A TECNOLOGÍAS Y SERVICIOS DE SALUD; Y OTROS ELEMENTOS COMPLEMENTARIOS PARA LA ATENCIÓN DEL USUARIO";FALTA DE OPORTUNIDAD EN LA AUTORIZACIÓN DE TECNOLOGÍAS EN SALUD Y OTROS ELEMENTOS COMPLEMENTARIOS PARA LA ATENCIÓN DEL USUARIO;FALTA DE OPORTUNIDAD EN LA AUTORIZACIÓN DE CITAS DE CONSULTA;"MEDICINA GENERAL
ODONTOLOGÍA GENERAL
ESPECIALIDADES MÉDICAS
ESPECIALIDADES ODONTOLOGÍA
PSICOLOGÍA
NUTRICIÓN
ENFERMERÍA
FISIOTERAPIA
FONOAUDIOLOGÍA
VACUNACIÓN
SEGURIDAD Y SALUD EN EL TRABAJO
OPTOMETRÍA
JUNTA MÉDICA
BIOÉTICA";"LISTADO ESPECIALIDADES MÉDICAS:
ALERGOLOGÍA
ANESTESIOLOGÍA
ANESTESIOLOGÍA CARDIOTORÁXICA
ANESTESIOLOGÍA CARDIOVASCULAR
ARTROCOSPIA - ORTOPEDIA
CARDIOLOGÍA
CARDIOLOGÍA INTERVENCIONISTA Y HEMODINAMIA
CARDIOLOGÍA PEDIÁTRICA
CIRUGÍA CABEZA Y CUELLO - OTORRINOLARINGOLOGÍA
CIRUGÍA CARDIOVASCULAR
CIRUGÍA CRANEOFACIAL
CIRUGÍA DE CADERA
CIRUGÍA DE MAMA Y TEJIDOS BLANDOS - MASTOLOGÍA
CIRUGÍA DE MANO - ORTOPEDIA O CIRUGÍA PLASTICA
CIRUGÍA DE PIE Y TOBILLO - ORTOPEDIA
CIRUGÍA DE RODILLA - ORTOPEDIA
CIRUGÍA DE TÓRAX
CIRUGÍA DE TRASPLANTE
CIRUGÍA ENDOSCÓPICA GINECOLÓGICA
CIRUGÍA GASTROINTESTINAL
CIRUGÍA GASTROINTESTINAL Y ENDOSCOPIA DIGESTIVA
CIRUGÍA GENERAL
CIRUGÍA LAPAROSCÓPICA
CIRUGÍA MAXILOFACIAL
CIRUGÍA ONCOLÓGICA
CIRUGÍA PEDIÁTRICA
CIRUGÍA PLÁSTICA ONCOLÓGICA
CIRUGIA PLÁSTICA, ESTETICA Y RECONSTRUCTIVA
CIRUGÍA VASCULAR
CIUDADO INTENSIVO PEDIÁTRICO
COLOPROCTOLOGÍA
CUIDADO INTENSIVO
DERMATOLOGÍA
DERMATOLOGÍA ONCOLÓGICA
DOLOR Y CUIDADOS PALIATIVOS
ECOCARDIOGRAFÍA
ELECTROFISIOLOGÍA CARDÍACA
EMERGENCIOLOGÍA
ENDOCRINOLOGÍA
ENDOCRINOLOGÍA PEDIÁTRICA
FARMACOLOGÍA CLÍNICA
GASTROENTEROLOGÍA
GASTROENTEROLOGÍA PEDIÁTRICA
GENÉTICA MÉDICA
GERIATRÍA
GINECOLOGÍA ONCOLÓGICA
GINECOLOGÍA Y OBSTETRICIA
HEMATOLOGÍA
HEMATOLOGÍA PEDIÁTRICA
HEMATO-ONCOLOGÍA - ONCOHEMATOLOGÍA
HEMATO-ONCOLOGIA PEDIÁTRICA - ONCOHEMATOLOGÍA PEDIÁTRICA
HEMODINAMIA
HEPATOLOGÍA
INFECTOLOGÍA
MEDICINA AEROESPACIAL
MEDICINA ALETERNATIVA
MEDICINA DEL DEPORTE
MEDICINA DEL TRABAJO O SEGURIDAD Y SALUD EN EL TRABAJO
MEDICINA ESTÉTICA
MEDICINA FAMILIAR
MEDICINA FÍSICA Y REHABILITACIÓN - FISIATRÍA
MEDICINA FORENSE
MEDICINA INTERNA
MEDICINA NUCLEAR
MIEMBRO SUPERIOR - ORTOPEDIA
NEFROLOGÍA
NEFROLOGÍA PEDIATRICA
NEONATOLOGÍA
NEUMOLOGÍA
NEUMOLOGÍA PEDIÁTRICA
NEUROCIRUGÍA
NEUROLOGÍA
NEUROLOGÍA PEDIÁTRICA - NEUROPEDIATRIA
OCULOPLASTIA
OFTALMOLOGÍA
ONCOLOGÍA
ONCOLOGÍA PEDIÁTRICA
ORTOPEDIA Y TRAUMATOLOGÍA
ORTOPEDIA Y TRAUMATOLOGIA PEDIÁTRICA
OTORRINOLARINGOLOGÍA
PATOLOGÍA
PEDIATRÍA
PSIQUIATRÍA
PSIQUIATRÍA PEDIÁTRICA
PSQUIATRÍA DE ENLACE
RADIOLOGÍA E IMÁGENES DIAGNÓSTICAS
RADIOTERAPIA
REUMATOLOGÍA
REUMATOLOGÍA PEDIÁTRICA
SALUD FAMILIAR Y COMUNITARIA
SEXOLOGÍA CLÍNICA
TOXICOLOGÍA CLÍNICA
TRASPLANTES
UROLOGÍA

LISTADO ESPECIALIDADES ODONTOLÓGICAS:
CIRUGÍA MAXILOFACIAL
CIRUGÍA MAXILOFACIAL - CIRUGÍA ORAL
ENDODONCIA
ESTOMATOLOGÍA
ESTOMATOLOGÍA PEDIÁTRICA
ESTOMATOLOGIA Y CIRUGÍA ORAL
IMPLANTOLOGÍA
ODONTOLOGÍA DE ADOLESCENTE
ODONTOLOGÍA FORENSE
ODONTOPEDIATRÍA
OPERATORIA Y ESTÉTICA DENTAL
ORTODONCIA
PATOLOGÍA ORAL
PERIODONCIA
PROSTODONCIA
RADIOLOGÍA ORAL Y MAXILOFACIAL
REHABILITACIÓN ORAL";Puede ser vital, priorizado o simple
"01

";"BARRERAS EN EL ACCESO A TECNOLOGÍAS Y SERVICIOS DE SALUD; Y OTROS ELEMENTOS COMPLEMENTARIOS PARA LA ATENCIÓN DEL USUARIO";FALTA DE OPORTUNIDAD EN LA AUTORIZACIÓN DE TECNOLOGÍAS EN SALUD Y OTROS ELEMENTOS COMPLEMENTARIOS PARA LA ATENCIÓN DEL USUARIO;FALTA DE OPORTUNIDAD EN LA AUTORIZACIÓN PARA SERVICIOS DE COMPLEMENTACIÓN TERAPÉUTICA;"TERAPIA FÍSICA
TERAPIA RESPIRATORIA
TERAPIA OCUPACIONAL
TERAPIA INTEGRAL
PSICOTERAPIA
TERAPIA LENGUAJE
TRABAJO SOCIAL
TERAPIA ALTERNATIVA
OTRAS TERAPIAS";;Puede ser vital, priorizado o simple
"01

";"BARRERAS EN EL ACCESO A TECNOLOGÍAS Y SERVICIOS DE SALUD; Y OTROS ELEMENTOS COMPLEMENTARIOS PARA LA ATENCIÓN DEL USUARIO";FALTA DE OPORTUNIDAD EN LA AUTORIZACIÓN DE TECNOLOGÍAS EN SALUD Y OTROS ELEMENTOS COMPLEMENTARIOS PARA LA ATENCIÓN DEL USUARIO;FALTA DE OPORTUNIDAD EN LA AUTORIZACIÓN DE OTROS SERVICIOS DE SALUD;"URGENCIAS
HOSPITALIZACIÓN
*UNIDAD DE CUIDADO INTENSIVO
*UNIDAD DE CUIDADO INTERMEDIO
ATENCIÓN DOMICILIARIA
UNIDAD DE CUIDADO CRÓNICO
EUTANASIA - SUICIDIO ASISTIDO
PROCEDIMIENTOS NO QUIRÚRGICOS
PROCEDIMIENTOS QUIRÚRGICOS";"PROCEDIMIENTOS NO QUIRÚRGICOS:
IMAGENOLOGÍA
LABORATORIO CLÍNICO Y ANATOMOPATOLÓGICO
QUIMIOTERAPIA
RADIOTERAPIA
DIÁLISIS 
OTROS PROCEDIMIENTOS NO QUIRÚRGICOS

PROCEDIMIENTOS QUIRÚRGICOS:
TRASPLANTE
INTERRUPCIÓN VOLUNTARIA DEL EMBARAZO IVE
OTROS PROCEDIMIENTOS QUIRÚRGICOS";Puede ser vital, priorizado o simple
"01

";"BARRERAS EN EL ACCESO A TECNOLOGÍAS Y SERVICIOS DE SALUD; Y OTROS ELEMENTOS COMPLEMENTARIOS PARA LA ATENCIÓN DEL USUARIO";FALTA DE OPORTUNIDAD EN LA AUTORIZACIÓN DE TECNOLOGÍAS EN SALUD Y OTROS ELEMENTOS COMPLEMENTARIOS PARA LA ATENCIÓN DEL USUARIO;FALTA DE OPORTUNIDAD EN LA AUTORIZACIÓN PARA EL TRASLADO EN AMBULANCIA;"BÁSICA HOSPITALARIA
BÁSICA AMBULATORIA
MEDICALIZADA HOSPITALARIA
MEDICALIZADA AMBULATORIA";;Puede ser vital, priorizado o simple
02;INSATISFACCIÓN RELACIONADA CON LA ATENCIÓN EN SALUD;INSATISFACCIÓN RELACIONADA CON LA ATENCIÓN EN SALUD POR FALTA DE OPORTUNIDAD;INSATISFACCIÓN POR FALTA DE OPORTUNIDAD EN LA ATENCIÓN POR PARTE DEL PERSONAL DE SALUD;"SERVICIO DE CONSULTA EXTERNA
SERVICIO DE LABORATORIO CLÍNICO Y ANATOMOPATOLÓGICO
SERVICIO DE IMAGENOLOGÍA 
SERVICIO DE URGENCIAS
SERVICIO FARMACÉUTICO
SERVICIO HOSPITALARIO
SERVICIO QUIRÚRGICO
ATENCIÓN DOMICILIARIA
ATENCIÓN PREHOSPITALARIA";;"Nunca vital
Si puede ser priorizado  o simple"
02;INSATISFACCIÓN RELACIONADA CON LA ATENCIÓN EN SALUD;INSATISFACCIÓN RELACIONADA CON LA ATENCIÓN EN SALUD POR FALTA DE OPORTUNIDAD;INSATISFACCIÓN POR FALTA DE OPORTUNIDAD EN LA ENTREGA DE RESULTADOS DE AYUDAS DIAGNÓSTICAS;;;"Nunca vital
Si puede ser priorizado  o simple"
02;INSATISFACCIÓN RELACIONADA CON LA ATENCIÓN EN SALUD;INSATISFACCIÓN RELACIONADA CON LA ATENCIÓN DEL PERSONAL EN SALUD;INSATISFACCIÓN RELACIONADA CON LA ATENCIÓN DEL PERSONAL EN SALUD;"FALLAS EN LA ÉTICA PROFESIONAL
FALLAS EN LA PRÁCTICA MÉDICA
FALTA DE IDONEIDAD EN EL TALENTO HUMANO EN SALUD
INSUFICIENTE INFORMACIÓN SOBRE LA ATENCIÓN EN SALUD
INFORMACIÓN ERRADA SOBRE LA ATENCIÓN EN SALUD";;"Nunca vital
Si puede ser priorizado  o simple"
03;INSATISFACCIÓN RELACIONADA CON INFRAESTRUCTURA Y LOGÍSTICA;INSATISFACCIÓN RELACIONADA CON CONDICIONES INSUFICIENTES O INADECUADAS DEL RECURSO FÍSICO;INSATISFACCIÓN RELACIONADA CON LA PLANTA FÍSICA, ESPACIOS, MUEBLES Y DOTACIÓN INAPROPIADA;"SERVICIO DE CONSULTA EXTERNA
SERVICIO DE LABORATORIO CLÍNICO Y ANATOMOPATOLÓGICO
SERVICIO DE IMAGENOLOGÍA
SERVICIO DE URGENCIAS
SERVICIO FARMACÉUTICO
SERVICIO HOSPITALARIO GENERAL
UNIDAD DE CUIDADO INTENSIVO
UNIDAD DE CUIDADO INTERMEDIO
SERVICIO QUIRÚRGICO
SERVICIO DE TRANSPORTE ASISTENCIAL
OFICINAS DE ATENCIÓN AL USUARIO
OTROS SERVICIOS ADMINISTRATIVOS";;"Nunca vital ni priorizado
Si puede ser simple"
03;INSATISFACCIÓN RELACIONADA CON INFRAESTRUCTURA Y LOGÍSTICA;INSATISFACCIÓN RELACIONADA CON CONDICIONES INSUFICIENTES O INADECUADAS DEL RECURSO FÍSICO;INSATISFACCIÓN RELACIONADA CON DISPOSITIVOS MÉDICOS O EQUIPOS BIOMÉDICOS DEFECTUOSOS O CON MAL FUNCIONAMIENTO;;;"Nunca vital ni priorizado
Si puede ser simple"
03;INSATISFACCIÓN RELACIONADA CON INFRAESTRUCTURA Y LOGÍSTICA;INSATISFACCIÓN RELACIONADA CON CONDICIONES INSUFICIENTES O INADECUADAS DEL RECURSO FÍSICO;INSATISFACCIÓN RELACIONADA CON INADECUADAS CONDICIONES DE ASEO;"SERVICIO DE CONSULTA EXTERNA
SERVICIO DE LABORATORIO CLÍNICO Y ANATOMOPATOLÓGICO
SERVICIO DE IMAGENOLOGÍA
SERVICIO DE URGENCIAS
SERVICIO FARMACÉUTICO
SERVICIO HOSPITALARIO GENERAL
UNIDAD DE CUIDADO INTENSIVO
UNIDAD DE CUIDADO INTERMEDIO
SERVICIO QUIRÚRGICO
SERVICIO DE TRANSPORTE ASISTENCIAL
OFICINAS DE ATENCIÓN AL USUARIO
OTROS SERVICIOS ADMINISTRATIVOS";;"Nunca vital ni priorizado
Si puede ser simple"
03;INSATISFACCIÓN RELACIONADA CON INFRAESTRUCTURA Y LOGÍSTICA;INSATISFACCIÓN RELACIONADA CON PROCESOS LOGÍSTICOS QUE AFECTAN LA CALIDAD EN SALUD;INSATISFACCIÓN RELACIONADA CON FALLAS EN EL MANEJO, ALMACENAMIENTO Y/O DISPENSACIÓN DE MEDICAMENTOS Y DISPOSITIVOS MÉDICOS;"MEDICAMENTO EN MALAS CONDICIONES
MEDICAMENTO VENCIDO
DISPOSITIVOS EN MALAS CONDICIONES
DISPOSITIVOS VENCIDOS
ENTREGA ERRADA DE MEDICAMENTO";;"Nunca vital ni priorizado
Si puede ser simple"
04;INSATISFACCIÓN DEL USUARIO CON EL PROCESO ADMINISTRATIVO;INSATISFACCIÓN CON LA COMUNICACIÓN O INFORMACIÓN ENTREGADA POR PARTE DEL PERSONAL ADMINISTRATIVO;INSATISFACCIÓN RELACIONADA CON INSUFICIENCIA O DEFICIENCIAS EN LA CALIDAD DE LA INFORMACIÓN BRINDADA AL USUARIO;;;"Nunca vital ni priorizado
Si puede ser simple"
04;INSATISFACCIÓN DEL USUARIO CON EL PROCESO ADMINISTRATIVO;DIFICULTAD EN LA COMUNICACIÓN CON LAS LÍNEAS Y/O CANALES DE ATENCIÓN;DIFICULTAD DE COMUNICACIÓN CON LOS CANALES DE ATENCIÓN AL USUARIO;"TELEFÓNICO
PÁGINA WEB (OFICINA VIRTUAL, FORMULARIO, OTROS)
CHAT
WHATSAPP
PRESENCIAL (OFICINAS – PUNTOS)
APP
OTROS";;"Nunca vital ni priorizado
Si puede ser simple"
04;INSATISFACCIÓN DEL USUARIO CON EL PROCESO ADMINISTRATIVO;DIFICULTAD EN LA COMUNICACIÓN CON LAS LÍNEAS Y/O CANALES DE ATENCIÓN;DIFICULTAD DE COMUNICACIÓN CON LOS CANALES DE ATENCIÓN PARA PROGRAMACIÓN DE CITAS O PROCEDIMIENTOS DE LOS PRESTADORES DE SERVICIOS DE SALUD;"TELEFÓNICO
PÁGINA WEB (OFICINA VIRTUAL, FORMULARIO, OTROS)
CHAT
WHATSAPP
PRESENCIAL (OFICINAS – PUNTOS)
APP
OTROS";;"Nunca vital ni priorizado
Si puede ser simple"
04;INSATISFACCIÓN DEL USUARIO CON EL PROCESO ADMINISTRATIVO;INSATISFACCIÓN RELACIONADA CON LA ATENCIÓN DEL PERSONAL ADMINISTRATIVO;INSATISFACCIÓN RELACIONADA CON LA ATENCIÓN DEL PERSONAL ADMINISTRATIVO;;;"Nunca vital ni priorizado
Si puede ser simple"
04;INSATISFACCIÓN DEL USUARIO CON EL PROCESO ADMINISTRATIVO;INSATISFACCIÓN RELACIONADA CON TRÁMITES ADMINISTRATIVOS;RESTRICCIÓN EN LA LIBRE ESCOGENCIA;"EPS
PRESTADOR DE SERVICIO DE SALUD";;"Nunca vital ni priorizado
Si puede ser simple"
04;INSATISFACCIÓN DEL USUARIO CON EL PROCESO ADMINISTRATIVO;INSATISFACCIÓN RELACIONADA CON TRÁMITES ADMINISTRATIVOS;FALLAS O IRREGULARIDADES EN EL MANEJO TÉCNICO DE LA HISTORIA CLÍNICA Y/O REGISTROS ASISTENCIALES;;;"Nunca vital ni priorizado
Si puede ser simple"
04;INSATISFACCIÓN DEL USUARIO CON EL PROCESO ADMINISTRATIVO;INSATISFACCIÓN RELACIONADA CON TRÁMITES ADMINISTRATIVOS;INCONSISTENCIAS EN LA AFILIACIÓN;"RETIRADO
DESAFILIADO POR FALLECIMIENTO
SUSPENSIÓN POR MORA
SUSPENSIÓN POR FALTA DE DOCUMENTOS
ERROR EN EL DOCUMENTO DE IDENTIDAD
CAMBIO DE RÉGIMEN
MULTIAFILIACIÓN
TRASLADO NO SOLICITADO POR EL USUARIO
OTRAS INCONSISTENCIAS";;"Nunca vital ni priorizado
Si puede ser simple"
04;INSATISFACCIÓN DEL USUARIO CON EL PROCESO ADMINISTRATIVO;INSATISFACCIÓN RELACIONADA CON TRÁMITES ADMINISTRATIVOS;INCONSISTENCIA RELACIONADA CON COBROS Y/O APORTES;"COTIZACIONES AL SGSSS
COBRO CUOTA MODERADORA
COBRO COPAGO
COBRO MULTAS POR INASISTENCIA
COBRO UPC ADICIONAL
INCREMENTO DE TARIFAS EN PLANES DE MEDICINA PREPAGADA O PLANES VOLUNTARIOS DE SALUD";;"Nunca vital ni priorizado
Si puede ser simple"
04;INSATISFACCIÓN DEL USUARIO CON EL PROCESO ADMINISTRATIVO;INSATISFACCIÓN RELACIONADA CON TRÁMITES ADMINISTRATIVOS;INCONSISTENCIA CON TRASLADOS DEL MUNICIPIO DE LA AFILIACIÓN Y SOLICITUDES DE MOVILIDAD O PORTABILIDAD;"DEMORA EN EL TRASLADO A OTRO MUNICIPIO
NEGACIÓN EN EL TRASLADO A OTRO MUNICIPIO
DEMORA EN LA PORTABILIDAD
NEGACIÓN DE LA PORTABILIDAD
DEMORA EN LA MOVILIDAD ENTRE REGÍMENES
NEGACIÓN DE LA MOVILIDAD ENTRE REGÍMENES";;"Nunca vital ni priorizado
Si puede ser simple"
04;INSATISFACCIÓN DEL USUARIO CON EL PROCESO ADMINISTRATIVO;PROBLEMAS EN EL RECONOCIMIENTO Y/O PAGO DE PRESTACIONES ECONÓMICAS;NO RECONOCIMIENTO Y/O PAGO DE LAS PRESTACIONES ECONÓMICAS;"LICENCIA DE MATERNIDAD
LICENCIA DE PATERNIDAD
LICENCIA DE ADOPCIÓN
LICENCIA PARENTAL COMPARTIDA
DESCANSO REMUNERADO POR ABORTO
INCAPACIDAD DE ENFERMEDAD LABORAL
INCAPACIDAD DE ENFERMEDAD GENERAL
INCAPACIDAD POR ACCIDENTE LABORAL
INCAPACIDAD POR ACCIDENTE DE TRÁNSITO";;"Nunca vital ni priorizado
Si puede ser simple"
04;INSATISFACCIÓN DEL USUARIO CON EL PROCESO ADMINISTRATIVO;PROBLEMAS EN EL RECONOCIMIENTO Y/O PAGO DE PRESTACIONES ECONÓMICAS;NEGACIÓN Y/O FALTA DE OPORTUNIDAD EN EL RECONOCIMIENTO DE REEMBOLSOS;"PRODUCTOS MÉDICOS (MEDICAMENTOS Y DISPOSITIVOS MÉDICOS)
PROCEDIMIENTOS QUIRÚRGICOS Y NO QUIRÚRGICOS
SERVICIOS HOSPITALARIOS
CONSULTA MÉDICA
APORTES
TRANSPORTE, ALOJAMIENTO O ALIMENTACIÓN
OTROS SERVICIOS DE SALUD";;"Nunca vital ni priorizado
Si puede ser simple"
